[
{
  "model": "auth.permission",
  "pk": 1,
  "fields": {
    "name": "Can add log entry",
    "content_type": 1,
    "codename": "add_logentry"
  }
},
{
  "model": "auth.permission",
  "pk": 2,
  "fields": {
    "name": "Can change log entry",
    "content_type": 1,
    "codename": "change_logentry"
  }
},
{
  "model": "auth.permission",
  "pk": 3,
  "fields": {
    "name": "Can delete log entry",
    "content_type": 1,
    "codename": "delete_logentry"
  }
},
{
  "model": "auth.permission",
  "pk": 4,
  "fields": {
    "name": "Can view log entry",
    "content_type": 1,
    "codename": "view_logentry"
  }
},
{
  "model": "auth.permission",
  "pk": 5,
  "fields": {
    "name": "Can add permission",
    "content_type": 2,
    "codename": "add_permission"
  }
},
{
  "model": "auth.permission",
  "pk": 6,
  "fields": {
    "name": "Can change permission",
    "content_type": 2,
    "codename": "change_permission"
  }
},
{
  "model": "auth.permission",
  "pk": 7,
  "fields": {
    "name": "Can delete permission",
    "content_type": 2,
    "codename": "delete_permission"
  }
},
{
  "model": "auth.permission",
  "pk": 8,
  "fields": {
    "name": "Can view permission",
    "content_type": 2,
    "codename": "view_permission"
  }
},
{
  "model": "auth.permission",
  "pk": 9,
  "fields": {
    "name": "Can add group",
    "content_type": 3,
    "codename": "add_group"
  }
},
{
  "model": "auth.permission",
  "pk": 10,
  "fields": {
    "name": "Can change group",
    "content_type": 3,
    "codename": "change_group"
  }
},
{
  "model": "auth.permission",
  "pk": 11,
  "fields": {
    "name": "Can delete group",
    "content_type": 3,
    "codename": "delete_group"
  }
},
{
  "model": "auth.permission",
  "pk": 12,
  "fields": {
    "name": "Can view group",
    "content_type": 3,
    "codename": "view_group"
  }
},
{
  "model": "auth.permission",
  "pk": 13,
  "fields": {
    "name": "Can add user",
    "content_type": 4,
    "codename": "add_user"
  }
},
{
  "model": "auth.permission",
  "pk": 14,
  "fields": {
    "name": "Can change user",
    "content_type": 4,
    "codename": "change_user"
  }
},
{
  "model": "auth.permission",
  "pk": 15,
  "fields": {
    "name": "Can delete user",
    "content_type": 4,
    "codename": "delete_user"
  }
},
{
  "model": "auth.permission",
  "pk": 16,
  "fields": {
    "name": "Can view user",
    "content_type": 4,
    "codename": "view_user"
  }
},
{
  "model": "auth.permission",
  "pk": 17,
  "fields": {
    "name": "Can add content type",
    "content_type": 5,
    "codename": "add_contenttype"
  }
},
{
  "model": "auth.permission",
  "pk": 18,
  "fields": {
    "name": "Can change content type",
    "content_type": 5,
    "codename": "change_contenttype"
  }
},
{
  "model": "auth.permission",
  "pk": 19,
  "fields": {
    "name": "Can delete content type",
    "content_type": 5,
    "codename": "delete_contenttype"
  }
},
{
  "model": "auth.permission",
  "pk": 20,
  "fields": {
    "name": "Can view content type",
    "content_type": 5,
    "codename": "view_contenttype"
  }
},
{
  "model": "auth.permission",
  "pk": 21,
  "fields": {
    "name": "Can add session",
    "content_type": 6,
    "codename": "add_session"
  }
},
{
  "model": "auth.permission",
  "pk": 22,
  "fields": {
    "name": "Can change session",
    "content_type": 6,
    "codename": "change_session"
  }
},
{
  "model": "auth.permission",
  "pk": 23,
  "fields": {
    "name": "Can delete session",
    "content_type": 6,
    "codename": "delete_session"
  }
},
{
  "model": "auth.permission",
  "pk": 24,
  "fields": {
    "name": "Can view session",
    "content_type": 6,
    "codename": "view_session"
  }
},
{
  "model": "auth.permission",
  "pk": 25,
  "fields": {
    "name": "Can add post",
    "content_type": 7,
    "codename": "add_post"
  }
},
{
  "model": "auth.permission",
  "pk": 26,
  "fields": {
    "name": "Can change post",
    "content_type": 7,
    "codename": "change_post"
  }
},
{
  "model": "auth.permission",
  "pk": 27,
  "fields": {
    "name": "Can delete post",
    "content_type": 7,
    "codename": "delete_post"
  }
},
{
  "model": "auth.permission",
  "pk": 28,
  "fields": {
    "name": "Can view post",
    "content_type": 7,
    "codename": "view_post"
  }
},
{
  "model": "auth.permission",
  "pk": 29,
  "fields": {
    "name": "Can add patient",
    "content_type": 8,
    "codename": "add_patient"
  }
},
{
  "model": "auth.permission",
  "pk": 30,
  "fields": {
    "name": "Can change patient",
    "content_type": 8,
    "codename": "change_patient"
  }
},
{
  "model": "auth.permission",
  "pk": 31,
  "fields": {
    "name": "Can delete patient",
    "content_type": 8,
    "codename": "delete_patient"
  }
},
{
  "model": "auth.permission",
  "pk": 32,
  "fields": {
    "name": "Can view patient",
    "content_type": 8,
    "codename": "view_patient"
  }
},
{
  "model": "auth.permission",
  "pk": 33,
  "fields": {
    "name": "Can add waiting list",
    "content_type": 9,
    "codename": "add_waitinglist"
  }
},
{
  "model": "auth.permission",
  "pk": 34,
  "fields": {
    "name": "Can change waiting list",
    "content_type": 9,
    "codename": "change_waitinglist"
  }
},
{
  "model": "auth.permission",
  "pk": 35,
  "fields": {
    "name": "Can delete waiting list",
    "content_type": 9,
    "codename": "delete_waitinglist"
  }
},
{
  "model": "auth.permission",
  "pk": 36,
  "fields": {
    "name": "Can view waiting list",
    "content_type": 9,
    "codename": "view_waitinglist"
  }
},
{
  "model": "auth.permission",
  "pk": 37,
  "fields": {
    "name": "Can add profile",
    "content_type": 10,
    "codename": "add_profile"
  }
},
{
  "model": "auth.permission",
  "pk": 38,
  "fields": {
    "name": "Can change profile",
    "content_type": 10,
    "codename": "change_profile"
  }
},
{
  "model": "auth.permission",
  "pk": 39,
  "fields": {
    "name": "Can delete profile",
    "content_type": 10,
    "codename": "delete_profile"
  }
},
{
  "model": "auth.permission",
  "pk": 40,
  "fields": {
    "name": "Can view profile",
    "content_type": 10,
    "codename": "view_profile"
  }
},
{
  "model": "auth.permission",
  "pk": 41,
  "fields": {
    "name": "Can add medicine type",
    "content_type": 11,
    "codename": "add_medicinetype"
  }
},
{
  "model": "auth.permission",
  "pk": 42,
  "fields": {
    "name": "Can change medicine type",
    "content_type": 11,
    "codename": "change_medicinetype"
  }
},
{
  "model": "auth.permission",
  "pk": 43,
  "fields": {
    "name": "Can delete medicine type",
    "content_type": 11,
    "codename": "delete_medicinetype"
  }
},
{
  "model": "auth.permission",
  "pk": 44,
  "fields": {
    "name": "Can view medicine type",
    "content_type": 11,
    "codename": "view_medicinetype"
  }
},
{
  "model": "auth.permission",
  "pk": 45,
  "fields": {
    "name": "Can add medicine",
    "content_type": 12,
    "codename": "add_medicine"
  }
},
{
  "model": "auth.permission",
  "pk": 46,
  "fields": {
    "name": "Can change medicine",
    "content_type": 12,
    "codename": "change_medicine"
  }
},
{
  "model": "auth.permission",
  "pk": 47,
  "fields": {
    "name": "Can delete medicine",
    "content_type": 12,
    "codename": "delete_medicine"
  }
},
{
  "model": "auth.permission",
  "pk": 48,
  "fields": {
    "name": "Can view medicine",
    "content_type": 12,
    "codename": "view_medicine"
  }
},
{
  "model": "auth.permission",
  "pk": 49,
  "fields": {
    "name": "Can add ward",
    "content_type": 13,
    "codename": "add_ward"
  }
},
{
  "model": "auth.permission",
  "pk": 50,
  "fields": {
    "name": "Can change ward",
    "content_type": 13,
    "codename": "change_ward"
  }
},
{
  "model": "auth.permission",
  "pk": 51,
  "fields": {
    "name": "Can delete ward",
    "content_type": 13,
    "codename": "delete_ward"
  }
},
{
  "model": "auth.permission",
  "pk": 52,
  "fields": {
    "name": "Can view ward",
    "content_type": 13,
    "codename": "view_ward"
  }
},
{
  "model": "auth.permission",
  "pk": 53,
  "fields": {
    "name": "Can add diagnosis",
    "content_type": 14,
    "codename": "add_diagnosis"
  }
},
{
  "model": "auth.permission",
  "pk": 54,
  "fields": {
    "name": "Can change diagnosis",
    "content_type": 14,
    "codename": "change_diagnosis"
  }
},
{
  "model": "auth.permission",
  "pk": 55,
  "fields": {
    "name": "Can delete diagnosis",
    "content_type": 14,
    "codename": "delete_diagnosis"
  }
},
{
  "model": "auth.permission",
  "pk": 56,
  "fields": {
    "name": "Can view diagnosis",
    "content_type": 14,
    "codename": "view_diagnosis"
  }
},
{
  "model": "auth.permission",
  "pk": 57,
  "fields": {
    "name": "Can add admission",
    "content_type": 15,
    "codename": "add_admission"
  }
},
{
  "model": "auth.permission",
  "pk": 58,
  "fields": {
    "name": "Can change admission",
    "content_type": 15,
    "codename": "change_admission"
  }
},
{
  "model": "auth.permission",
  "pk": 59,
  "fields": {
    "name": "Can delete admission",
    "content_type": 15,
    "codename": "delete_admission"
  }
},
{
  "model": "auth.permission",
  "pk": 60,
  "fields": {
    "name": "Can view admission",
    "content_type": 15,
    "codename": "view_admission"
  }
},
{
  "model": "auth.permission",
  "pk": 61,
  "fields": {
    "name": "Can add diagnosis details",
    "content_type": 16,
    "codename": "add_diagnosisdetails"
  }
},
{
  "model": "auth.permission",
  "pk": 62,
  "fields": {
    "name": "Can change diagnosis details",
    "content_type": 16,
    "codename": "change_diagnosisdetails"
  }
},
{
  "model": "auth.permission",
  "pk": 63,
  "fields": {
    "name": "Can delete diagnosis details",
    "content_type": 16,
    "codename": "delete_diagnosisdetails"
  }
},
{
  "model": "auth.permission",
  "pk": 64,
  "fields": {
    "name": "Can view diagnosis details",
    "content_type": 16,
    "codename": "view_diagnosisdetails"
  }
},
{
  "model": "auth.permission",
  "pk": 65,
  "fields": {
    "name": "Can add prescribed medicine",
    "content_type": 17,
    "codename": "add_prescribedmedicine"
  }
},
{
  "model": "auth.permission",
  "pk": 66,
  "fields": {
    "name": "Can change prescribed medicine",
    "content_type": 17,
    "codename": "change_prescribedmedicine"
  }
},
{
  "model": "auth.permission",
  "pk": 67,
  "fields": {
    "name": "Can delete prescribed medicine",
    "content_type": 17,
    "codename": "delete_prescribedmedicine"
  }
},
{
  "model": "auth.permission",
  "pk": 68,
  "fields": {
    "name": "Can view prescribed medicine",
    "content_type": 17,
    "codename": "view_prescribedmedicine"
  }
},
{
  "model": "auth.group",
  "pk": 1,
  "fields": {
    "name": "Doctors",
    "permissions": []
  }
},
{
  "model": "auth.group",
  "pk": 2,
  "fields": {
    "name": "Admins",
    "permissions": []
  }
},
{
  "model": "auth.group",
  "pk": 3,
  "fields": {
    "name": "Receptionists",
    "permissions": []
  }
},
{
  "model": "auth.group",
  "pk": 4,
  "fields": {
    "name": "Pharmacists",
    "permissions": []
  }
},
{
  "model": "auth.group",
  "pk": 5,
  "fields": {
    "name": "NurseAids",
    "permissions": []
  }
},
{
  "model": "auth.user",
  "pk": 1,
  "fields": {
    "password": "pbkdf2_sha256$720000$Ci3MSVNsD6OZJMmkO6fwJe$1vl+8eWN0aJYgQ7M4/5zsLDiTjFyMkZRLV6X4/IBSsQ=",
    "last_login": "2024-04-04T12:14:49.238Z",
    "is_superuser": true,
    "username": "bbthaw1",
    "first_name": "Bo Bo",
    "last_name": "Thaw",
    "email": "bobothaw15@gmail.com",
    "is_staff": true,
    "is_active": true,
    "date_joined": "2024-01-31T19:43:15Z",
    "groups": [],
    "user_permissions": []
  }
},
{
  "model": "auth.user",
  "pk": 3,
  "fields": {
    "password": "pbkdf2_sha256$720000$hIy3WpL3VtIGnJAr8p2AI4$jj1KpQyvkAOknAX5eqQnQ5vYOUlOXV9dF+/DeaqIq1Y=",
    "last_login": "2024-03-19T18:21:24.439Z",
    "is_superuser": false,
    "username": "doctoruser",
    "first_name": "Amelie",
    "last_name": "Strand",
    "email": "amelie1999@gmail.com",
    "is_staff": false,
    "is_active": true,
    "date_joined": "2024-02-02T15:21:59Z",
    "groups": [
      1
    ],
    "user_permissions": []
  }
},
{
  "model": "auth.user",
  "pk": 4,
  "fields": {
    "password": "pbkdf2_sha256$720000$VjH8BxpNAnTn5k5e1XDd3q$+O2CwxNpPnKSUCDZcPMbXBjBJimfdgo5NZWWPfu7wLI=",
    "last_login": "2024-03-19T19:17:59.853Z",
    "is_superuser": false,
    "username": "receptionuser",
    "first_name": "Sam",
    "last_name": "Porter",
    "email": "sambridge1978@gmail.com",
    "is_staff": false,
    "is_active": true,
    "date_joined": "2024-02-02T15:26:51Z",
    "groups": [
      3
    ],
    "user_permissions": []
  }
},
{
  "model": "auth.user",
  "pk": 5,
  "fields": {
    "password": "pbkdf2_sha256$720000$DChrpjz6APVvq8pi0Na6t6$QkMBHv+PKD8Apl770XvccUDPwGj5hwymt3z8GpRcFiY=",
    "last_login": "2024-03-19T18:20:00.673Z",
    "is_superuser": false,
    "username": "nurseuser",
    "first_name": "Amanda",
    "last_name": "Schindler",
    "email": "amanda1967@gmail.com",
    "is_staff": false,
    "is_active": true,
    "date_joined": "2024-02-02T15:31:29Z",
    "groups": [
      5
    ],
    "user_permissions": []
  }
},
{
  "model": "auth.user",
  "pk": 6,
  "fields": {
    "password": "pbkdf2_sha256$720000$C7NRCFzbsYfUwVnUkrl5TJ$fOakaU1tIXVaBvc2NVnPjrLOVOEuCEZ3EyCJSAGBR6Y=",
    "last_login": "2024-03-19T18:34:09.921Z",
    "is_superuser": false,
    "username": "pharmacyuser",
    "first_name": "Lex",
    "last_name": "Luthor",
    "email": "lexluthor@lexcorp.com",
    "is_staff": false,
    "is_active": true,
    "date_joined": "2024-02-02T15:33:16Z",
    "groups": [
      4
    ],
    "user_permissions": []
  }
}
]
